x,y,z
2.04749,-123.105,-147.132
2.04749,-122.211,-146.685
2.04749,-121.316,-146.238
2.04749,-120.422,-145.79
2.04749,-119.527,-145.343
2.04749,-118.633,-144.896
2.04749,-117.739,-144.449
2.04749,-116.844,-144.002
2.04749,-115.95,-143.554
2.04749,-115.055,-143.107
2.04749,-114.055,-143.107
2.04749,-113.055,-142.107
2.04749,-112.055,-142.107
2.04749,-111.055,-142.107
2.04749,-110.055,-141.107
2.04749,-109.055,-140.107
2.04749,-108.055,-139.107
2.04749,-107.055,-139.107
1.04749,-106.055,-138.107
1.04749,-105.055,-137.107
1.04749,-104.055,-137.107
1.04749,-103.055,-137.107
1.04749,-102.055,-137.107
1.04749,-101.055,-137.107
1.04749,-100.055,-137.107
1.04749,-99.0553,-136.107
1.04749,-98.0553,-135.107
1.04749,-97.0553,-134.107
1.04749,-96.0553,-133.107
0.047495,-95.0553,-132.107
0.047495,-94.0553,-132.107
0.047495,-93.0553,-132.107
0.047495,-92.0553,-132.107
0.047495,-91.0553,-131.107
0.047495,-90.0553,-130.107
-0.952505,-89.0553,-129.107
-0.952505,-88.0553,-129.107
-0.952505,-87.0553,-129.107
-0.952505,-86.0553,-128.107
-0.952505,-85.0553,-128.107
-0.952505,-84.0553,-127.107
-1.95251,-83.0553,-126.107
-1.95251,-82.0553,-125.107
-1.95251,-81.0553,-125.107
-1.95251,-80.0553,-125.107
-1.95251,-79.0553,-125.107
-0.952505,-78.0553,-124.107
-0.952505,-77.0553,-124.107
-0.952505,-76.0553,-123.107
-0.952505,-75.0553,-123.107
-0.952505,-74.0553,-122.107
-0.952505,-73.0553,-122.107
-0.952505,-72.0553,-122.107
-0.952505,-71.0553,-121.107
-0.952505,-70.0553,-121.107
-0.952505,-69.0553,-120.107
-0.952505,-68.0553,-120.107
-0.952505,-67.0553,-119.107
-0.952505,-66.0553,-119.107
-0.952505,-65.0553,-118.107
-0.952505,-64.0553,-118.107
-0.952505,-63.0553,-118.107
-0.952505,-62.0553,-117.107
-0.952505,-61.0553,-117.107
-0.952505,-60.0553,-116.107
-0.952505,-59.0553,-115.107
-0.952505,-58.0553,-115.107
-0.952505,-57.0553,-115.107
-0.952505,-56.0553,-115.107
-0.952505,-55.0553,-115.107
-0.952505,-54.0553,-114.107
-0.952505,-53.0553,-113.107
-0.952505,-52.0553,-113.107
-0.952505,-51.0553,-112.107
-0.952505,-50.0553,-111.107
-0.952505,-49.0553,-111.107
-0.952505,-48.0553,-111.107
-0.952505,-47.0553,-111.107
-0.952505,-46.0553,-111.107
-0.952505,-45.0553,-111.107
-0.952505,-44.0553,-111.107
-0.952505,-43.0553,-111.107
0.047495,-42.0553,-110.107
0.047495,-41.0553,-110.107
0.047495,-40.0553,-110.107
0.047495,-39.0553,-110.107
0.047495,-38.0553,-110.107
0.047495,-37.0553,-109.107
1.04749,-36.0553,-108.107
1.04749,-35.0553,-108.107
1.04749,-34.0553,-108.107
1.04749,-33.0553,-108.107
2.04749,-32.0553,-108.107
2.04749,-31.0553,-108.107
2.04749,-30.0553,-108.107
2.04749,-29.0553,-108.107
2.04749,-28.0553,-108.107
3.04749,-27.0553,-107.107
3.04749,-26.0553,-107.107
3.04749,-25.0553,-107.107
4.04749,-24.0553,-107.107
5.04749,-23.0553,-107.107
5.04749,-22.0553,-107.107
5.04749,-21.0553,-107.107
5.04749,-20.0553,-107.107
5.04749,-19.0553,-107.107
5.04749,-18.0553,-107.107
5.04749,-17.0553,-107.107
5.04749,-16.0553,-107.107
5.04749,-15.0553,-107.107
5.04749,-14.0553,-106.107
5.04749,-13.0553,-106.107
5.04749,-12.0553,-106.107
5.04749,-11.0553,-106.107
5.04749,-10.0553,-106.107
6.04749,-9.05529,-107.107
6.04749,-8.05529,-107.107
6.04749,-7.05529,-107.107
7.04749,-6.05529,-108.107
7.04749,-5.05529,-108.107
7.04749,-4.05529,-108.107
7.04749,-3.05529,-108.107
7.04749,-2.05529,-108.107
7.04749,-1.05529,-108.107
8.04749,-0.055294,-109.107
8.04749,0.944706,-109.107
8.04749,1.94471,-110.107
8.04749,2.94471,-110.107
8.04749,3.94471,-110.107
8.04749,4.94471,-110.107
8.04749,5.94471,-111.107
9.04749,6.94471,-112.107
9.04749,7.94471,-113.107
10.0475,8.94471,-114.107
10.0475,9.94471,-114.107
11.0475,10.9447,-115.107
11.0475,11.9447,-115.107
11.0475,12.9447,-116.107
12.0475,13.9447,-117.107
12.0475,14.9447,-118.107
12.0475,15.9447,-119.107
13.0475,16.9447,-120.107
13.0475,17.9447,-121.107
13.0475,18.9447,-122.107
13.0475,18.9447,-123.107
13.0475,18.9447,-124.107
13.0475,19.9447,-125.107
14.0475,20.9447,-126.107
14.0475,20.9447,-127.107
14.0475,21.9447,-128.107
15.0475,22.9447,-129.107
15.0475,22.9447,-130.107
15.0475,23.9447,-131.107
16.0475,24.9447,-132.107
16.0475,24.9447,-133.107
17.0475,25.9447,-134.107
17.0475,25.9447,-135.107
17.0475,25.9447,-136.107
18.0475,26.9447,-137.107
18.0475,26.9447,-138.107
18.0475,27.9447,-139.107
18.0475,27.9447,-140.107
18.0475,28.9447,-141.107
18.0475,28.9447,-142.107
19.0475,29.9447,-143.107
20.0475,29.9447,-144.107
20.0475,29.9447,-145.107
21.0475,29.9447,-146.107
21.0475,29.9447,-147.107
22.0475,29.9447,-148.107
22.0475,29.9447,-149.107
23.0475,29.9447,-150.107
24.0475,29.9447,-151.107
24.0475,29.9447,-152.107
25.0475,29.9447,-153.107
25.0475,29.9447,-154.107
26.0475,29.9447,-155.107
27.0475,28.9447,-156.107
28.0475,27.9447,-157.107
28.0475,27.9447,-158.107
29.0475,27.9447,-159.107
30.0475,26.9447,-160.107
31.0475,25.9447,-161.107
32.0475,24.9447,-162.107
32.0475,24.9447,-163.107
33.0475,24.9447,-164.107
34.0475,23.9447,-165.107
35.0475,22.9447,-166.107
36.0475,21.9447,-167.107
37.0475,20.9447,-168.107
38.0475,19.9447,-169.107
39.0475,18.9447,-170.107
40.0475,17.9447,-171.107
41.0475,16.9447,-172.107
42.0475,15.9447,-172.107
43.0475,14.9447,-173.107
44.0475,13.9447,-174.107
45.0475,12.9447,-174.107
46.0475,11.9447,-175.107
47.0475,10.9447,-175.107
48.0475,9.94471,-176.107
49.0475,8.94471,-176.107
50.0475,7.94471,-176.107
51.0475,6.94471,-177.107
52.0475,5.94471,-177.107
53.0475,4.94471,-178.107
54.0475,3.94471,-179.107
55.0475,2.94471,-179.107
56.0475,1.94471,-179.107
57.0475,0.944706,-179.107
58.0475,-0.055294,-180.107
59.0475,-1.05529,-180.107
59.0475,-2.05529,-180.107
60.0475,-3.05529,-180.107
60.0475,-4.05529,-180.107
61.0475,-5.05529,-180.107
62.0475,-6.05529,-180.107
63.0475,-7.05529,-181.107
63.0475,-8.05529,-181.107
63.0475,-9.05529,-181.107
64.0475,-10.0553,-181.107
64.0475,-11.0553,-181.107
64.0475,-12.0553,-181.107
64.0475,-13.0553,-181.107
64.0475,-14.0553,-181.107
64.0475,-15.0553,-181.107
64.0475,-16.0553,-181.107
64.0475,-17.0553,-181.107
64.0475,-18.0553,-181.107
64.0475,-19.0553,-181.107
64.0475,-20.0553,-181.107
64.0475,-21.0553,-181.107
64.0475,-22.0553,-182.107
64.0475,-23.0553,-182.107
64.0475,-24.0553,-182.107
63.0475,-25.0553,-182.107
63.0475,-26.0553,-182.107
63.0475,-27.0553,-182.107
62.0475,-28.0553,-182.107
62.0475,-29.0553,-182.107
61.0475,-30.0553,-182.107
61.0475,-31.0553,-182.107
61.0475,-32.0553,-182.107
61.0475,-33.0553,-182.107
60.0475,-34.0553,-182.107
59.0475,-35.0553,-182.107
58.0475,-36.0553,-182.107
57.0475,-37.0553,-182.107
56.0475,-38.0553,-183.107
55.0475,-39.0553,-184.107
54.0475,-40.0553,-185.107
53.0475,-41.0553,-185.107
53.0475,-42.0553,-185.107
52.0475,-43.0553,-185.107
51.0475,-44.0553,-185.107
51.0475,-45.0553,-185.107
50.0475,-46.0553,-184.107
50.0475,-47.0553,-184.107
49.5175,-47.9033,-184.107
48.9875,-48.7513,-184.107
48.4575,-49.5993,-184.107
47.9275,-50.4473,-184.107
47.3975,-51.2953,-184.107
46.8675,-52.1433,-184.107
46.3375,-52.9913,-184.107
45.8075,-53.8393,-184.107
